54,
248,
49,
50,
42,
55,
54,
49,
51,
43,
54,
53,
49,
54,
46,
44,
48,
50,
51,
47,
49,
42,
48,
43,
41,
52,
43,
41,
45,
53,
45,
50,
43,
47,
44,
50,
46,
48,
44,
46,
39,
41,
48,
50,
45,
48,
46,
241,
365,
353,
238,
62,
60,
294,
192,
427,
842,
167,
500,
39,
35,
460,
326,
198,
515,
229,
354,
348,
129,
18,
36,
48,
55,
284,
103,
56,
233,
216,
52,
48,
42,
43,
37,
47,
37,
41,
40,
44,
47,
45,
41,
52,
40,
58,
48,
37,
42,
43,
43,
45,
41,
37,
46,
49,
47,
44,
38,
48,
38,
41,
39,
45,
43,
41,
51,
46,
45,
40,
33,
37,
45,
43,
50,
39,
40,
35,
41,
52,
39,
35,
42,
45,
48,
41,
42,
43,
45,
44,
35,
36,
41,
43,
36,
57,
48,
37,
47,
39,
46,
42,
43,
43,
46,
39,
42,
33,
44,
41,
39,
42,
43,
47,
38,
44,
37,
37,
45,
38,
36,
44,
40,
42,
44,
46,
50,
41,
2196,
2196,
40,
49,
45,
2196,
2196,
46,
34,
51,
40,
44,
38,
40,
42,
39,
149,
44,
38,
39,
42,
44,
40,
51,
42,
40,
35,
39,
43,
50,
47,
45,
44,
36,
42,
48,
48,
40,
42,
51,
44,
41,
36,
44,
36,
38,
46,
41,
37,
36,
50,
46,
34,
54,
47,
45,
40,
38,
50,
39,
43,
44,
42,
35,
34,
39,
46,
44,
31,
38,
47,
58,
42,
42,
42,
33,
42,
34,
40,
37,
45,
37,
42,
45,
40,
44,
44,
39,
35,
40,
35,
42,
39,
46,
38,
37,
41,
40,
43,
43,
39,
40,
41,
44,
40,
43,
42,
42,
51,
32,
40,
43,
40,
39,
40,
36,
46,
52,
45,
42,
51,
52,
40,
47,
39,
33,
47,
52,
39,
41,
50,
44,
42,
39,
37,
40,
41,
40,
47,
47,
37,
36,
39,
30,
50,
44,
42,
38,
45,
46,
31,
40,
34,
44,
54,
36,
46,
39,
40,
31,
47,
35,
42,
39,
36,
42,
43,
35,
36,
29,
44,
41,
46,
35,
42,
44,
46,
37,
36,
38,
42,
44,
49,
41,
43,
41,
33,
37,
40,
37,
40,
40,
44,
50,
44,
46,
40,
44,
38,
41,
42,
37,
47,
41,
33,
54,
34,
46,
39,
39,
38,
39,
38,
47,
35,
38,
45,
36,
46,
36,
34,
39,
35,
41,
37,
40,
39,
40,
29,
45,
43,
45,
35,
49,
38,
44,
47,
37,
36,
42,
40,
42,
31,
44,
52,
47,
51,
43,
43,
44,
33,
39,
37,
37,
41,
41,
42,
33,
39,
39,
40,
44,
34,
45,
44,
43,
43,
41,
44,
48,
43,
40,
39,
42,
38,
34,
37,
39,
37,
43,
35,
36,
39,
39,
45,
43,
46,
28,
42,
41,
39,
45,
40,
49,
39,
39,
43,
46,
44,
39,
47,
36,
42,
37,
45,
49,
43,
36,
42,
56,
37,
37,
33,
35,
32,
35,
37,
40,
39,
45,
34,
35,
45,
39,
41,
38,
38,
43,
46,
43,
44,
43,
31,
33,
42,
51,
34,
43,
44,
43,
39,
34,
34,
48,
50,
39,
42,
39,
42,
40,
38,
34,
44,
42,
32,
42,
44,
39,
34,
46,
44,
47,
36,
43,
40,
45,
35,
32,
42,
31,
37,
39,
39,
32,
34,
40,
39,
42,
42,
43,
39,
45,
39,
32,
45,
36,
34,
39,
41,
37,
37,
29,
37,
40,
41,
35,
36,
38,
39,
34,
34,
48,
128,
53,
15,
230,
28,
176,
177,
35,
332,
248,
36,
340,
485,
223,
273,
142,
273,
241,
457,
577,
406,
287,
453,
162,
566,
199,
453,
274,
382,
136,
46,
52,
45,
47,
34,
36,
43,
44,
41,
35,
44,
45,
36,
46,
47,
40,
37,
37,
36,
41,
32,
44,
31,
33,
40,
42,
34,
33,
36,
42,
44,
37,
44,
39,
45,
40,
40,
39,
37,
40,
36,
45,
35,
37,
36,
40,
38,
43,
44,
42,
39,
32,
37,
36,
38,
37,
39,
37,
37,
38,
38,
47,
41,
32,
41,
34,
46,
41,
39,
33,
36,
38,
42,
38,
39,
46,
47,
33,
33,
46,
32,
36,
47,
40,
38,
36,
36,
32,
40,
32,
49,
39,
40,
42,
39,
38,
40,
36,
45,
35,
35,
40,
31,
35,
36,
31,
36,
40,
40,
41,
39,
40,
54,
37,
43,
48,
50,
36,
35,
37,
32,
34,
45,
36,
41,
31,
32,
40,
40,
38,
40,
43,
41,
32,
29,
37,
41,
34,
38,
38,
35,
47,
45,
37,
49,
33,
32,
37,
40,
36,
28,
40,
35,
39,
39,
36,
42,
42,
41,
37,
41,
38,
43,
45,
44,
43,
40,
37,
34,
43,
29,
43,
45,
34,
45,
35,
36,
33,
32,
40,
44,
38,
38,
34,
37,
43,
36,
37,
42,
40,
42,
39,
41,
39,
7,
94,
43,
70,
55,
35,
36,
34,
36,
29,
39,
37,
41,
34,
40,
32,
29,
34,
39,
33,
31,
48,
43,
41,
53,
41,
35,
41,
37,
38,
41,
42,
47,
49,
36,
34,
39,
40,
37,
35,
43,
30,
43,
36,
41,
32,
35,
46,
36,
46,
26,
38,
35,
34,
41,
38,
31,
51,
36,
38,
48,
34,
37,
35,
33,
41,
37,
31,
42,
42,
29,
42,
32,
34,
36,
26,
42,
22,
38,
33,
42,
35,
40,
40,
45,
35,
42,
48,
35,
38,
30,
34,
30,
44,
60,
49,
43,
41,
24,
40,
48,
40,
40,
50,
35,
34,
46,
44,
33,
41,
36,
45,
39,
36,
44,
34,
33,
38,
40,
44,
34,
43,
32,
40,
35,
41,
47,
34,
36,
31,
43,
50,
43,
39,
40,
34,
41,
32,
22,
39,
41,
35,
39,
29,
31,
38,
39,
31,
33,
44,
41,
37,
37,
42,
32,
39,
35,
25,
35,
41,
38,
31,
39,
35,
42,
38,
37,
45,
36,
38,
37,
47,
39,
29,
26,
31,
26,
77,
85,
131,
126,
138,
170,
137,
114,
41,
40,
43,
47,
51,
40,
40,
34,
39,
31,
29,
40,
46,
31,
36,
39,
35,
46,
42,
38,
29,
35,
36,
37,
39,
37,
38,
33,
49,
36,
46,
41,
38,
34,
27,
50,
37,
37,
43,
34,
31,
34,
32,
37,
36,
46,
36,
37,
31,
32,
33,
35,
34,
36,
35,
28,
30,
33,
46,
38,
41,
34,
42,
45,
38,
32,
32,
37,
41,
43,
41,
37,
35,
36,
36,
41,
32,
33,
34,
43,
32,
36,
35,
34,
32,
36,
47,
47,
39,
36,
27,
45,
36,
32,
39,
41,
31,
36,
37,
39,
40,
35,
39,
34,
40,
36,
43,
34,
38,
34,
37,
31,
33,
31,
33,
40,
45,
51,
52,
36,
37,
46,
33,
26,
15,
158,
557,
171,
424,
343,
296,
402,
439,
334,
374,
500,
469,
415,
302,
452,
617,
328,
374,
474,
386,
464,
361,
394,
498,
365,
317,
327,
411,
418,
427,
502,
500,
491,
472,
341,
487,
383,
336,
280,
335,
303,
234,
356,
249,
287,
353,
382,
328,
385,
352,
386,
321,
362,
311,
329,
282,
268,
337,
324,
285,
302,
286,
330,
241,
233,
224,
196,
258,
130,
185,
246,
201,
231,
212,
193,
143,
266,
94,
156,
111,
157,
74,
124,
159,
215,
176,
174,
195,
160,
122,
174,
167,
134,
100,
136,
151,
122,
103,
119,
111,
86,
81,
107,
102,
259,
368,
411,
409,
373,
307,
294,
322,
322,
337,
300,
429,
357,
438,
456,
495,
440,
449,
412,
362,
364,
349,
423,
367,
407,
415,
524,
396,
393,
371,
394,
408,
415,
473,
356,
346,
329,
457,
379,
381,
388,
367,
379,
379,
399,
406,
438,
440,
559,
445,
469,
426,
478,
386,
425,
420,
418,
333,
388,
516,
410,
373,
475,
503,
399,
374,
444,
402,
406,
454,
540,
447,
525,
457,
480,
406,
486,
527,
466,
404,
448,
498,
437,
561,
608,
573,
533,
518,
575,
465,
569,
628,
482,
586,
498,
495,
584,
506,
722,
565,
496,
546,
545,
499,
500,
680,
548,
449,
549,
551,
495,
476,
518,
552,
579,
533,
457,
484,
524,
520,
537,
515,
542,
465,
424,
456,
400,
438,
400,
488,
442,
463,
584,
464,
488,
537,
391,
371,
376,
368,
383,
305,
449,
278,
321,
443,
354,
365,
243,
312,
334,
277,
364,
308,
294,
364,
257,
248,
404,
229,
194,
305,
114,
93,
257,
107,
90,
186,
87,
70,
93,
58,
124,
37,
41,
139,
38,
37,
119,
32,
87,
29,
29,
99,
30,
91,
38,
33,
78,
37,
93,
35,
81,
40,
34,
86,
31,
83,
38,
33,
67,
43,
80,
32,
41,
47,
34,
127,
42,
152,
35,
46,
87,
38,
205,
61,
140,
59,
54,
42,
100,
190,
126,
144,
125,
132,
159,
136,
229,
132,
124,
100,
122,
147,
276,
491,
362,
338,
293,
301,
265,
293,
416,
275,
260,
254,
246,
220,
260,
278,
268,
237,
256,
244,
211,
251,
274,
292,
364,
247,
240,
234,
260,
235,
260,
420,
344,
385,
347,
345,
323,
337,
281,
335,
472,
318,
367,
294,
307,
297,
287,
282,
310,
253,
309,
450,
289,
257,
288,
280,
267,
264,
247,
243,
240,
258,
218,
241,
352,
222,
376,
215,
239,
191,
175,
179,
171,
171,
185,
144,
152,
130,
157,
114,
158,
178,
162,
324,
153,
316,
172,
253,
151,
134,
174,
139,
145,
157,
132,
133,
120,
159,
108,
146,
109,
133,
175,
140,
100,
141,
216,
143,
291,
136,
174,
134,
117,
131,
122,
128,
123,
133,
124,
79,
117,
101,
127,
80,
110,
89,
104,
74,
113,
85,
95,
143,
106,
189,
101,
264,
512,
100,
2196,
1712,
1712,
1712,
1712,
2196,
1114,
1064,
945,
2196,
2196,
1052,
962,
1012,
1030,
1029,
1055,
940,
1099,
963,
908,
910,
971,
895,
838,
875,
853,
774,
852,
863,
763,
861,
733,
874,
774,
773,
725,
779,
724,
870,
740,
835,
835,
786,
711,
787,
774,
747,
756,
787,
735,
811,
784,
838,
783,
745,
784,
727,
775,
721,
708,
749,
737,
786,
766,
719,
750,
738,
753,
756,
749,
761,
731,
747,
750,
719,
760,
748,
726,
773,
729,
748,
663,
699,
766,
790,
761,
784,
760,
769,
795,
735,
783,
777,
737,
781,
783,
914,
958,
895,
980,
936,
903,
957,
890,
965,
943,
886,
991,
922,
910,
908,
886,
885,
841,
856,
852,
856,
857,
850,
813,
888,
822,
860,
836,
846,
868,
848,
821,
895,
816,
863,
871,
814,
871,
862,
834,
858,
839,
835,
843,
872,
873,
856,
867,
874,
855,
865,
858,
838,
868,
872,
911,
840,
831,
889,
849,
856,
844,
880,
886,
869,
901,
899,
890,
918,
891,
930,
923,
896,
937,
905,
938,
913,
891,
902,
861,
941,
948,
942,
915,
857,
927,
939,
896,
767,
946,
950,
905,
953,
898,
953,
815,
943,
894,
972,
868,
977,
871,
966,
917,
873,
979,
889,
893,
943,
948,
872,
902,
969,
934,
900,
878,
981,
951,
914,
877,
877,
988,
944,
942,
864,
867,
927,
904,
916,
939,
987,
944,
946,
921,
876,
792,
852,
900,
884,
904,
884,
888,
883,
851,
889,
878,
934,
947,
962,
918,
848,
876,
905,
996,
937,
895,
866,
847,
892,
924,
994,
902,
861,
840,
871,
837,
906,
932,
837,
856,
863,
874,
929,
881,
735,
884,
943,
887,
907,
898,
898,
720,
889,
889,
842,
832,
833,
894,
713,
817,
874,
874,
847,
654,
804,
707,
862,
846,
804,
825,
692,
831,
656,
812,
896,
804,
859,
817,
795,
704,
823,
873,
661,
866,
646,
795,
714,
815,
811,
690,
792,
706,
862,
716,
825,
881,
769,
791,
715,
798,
834,
884,
815,
651,
822,
881,
873,
872,
885,
871,
772,
769,
700,
866,
807,
837,
803,
857,
758,
817,
820,
580,
726,
815,
769,
822,
753,
777,
764,
808,
834,
822,
748,
755,
859,
811,
677,
778,
608,
701,
777,
720,
674,
688,
736,
772,
755,
713,
784,
740,
761,
711,
738,
741,
763,
722,
644,
770,
539,
756,
547,
722,
688,
765,
753,
729,
746,
781,
782,
794,
775,
790,
739,
763,
704,
525,
714,
588,
754,
774,
725,
750,
774,
739,
756,
744,
625,
724,
535,
727,
748,
732,
710,
765,
701,
765,
685,
507,
708,
732,
715,
719,
727,
704,
513,
676,
495,
694,
716,
702,
700,
496,
681,
493,
682,
716,
706,
681,
694,
648,
468,
668,
690,
663,
670,
714,
670,
692,
659,
488,
668,
678,
687,
676,
723,
652,
483,
665,
703,
687,
680,
704,
644,
481,
647,
699,
661,
662,
588,
656,
467,
639,
482,
626,
536,
650,
674,
690,
650,
440,
636,
459,
650,
458,
638,
426,
625,
656,
616,
695,
623,
695,
648,
630,
648,
668,
657,
614,
643,
667,
638,
612,
590,
499,
638,
432,
567,
487,
607,
666,
643,
694,
648,
675,
647,
629,
613,
583,
635,
652,
676,
571,
675,
624,
627,
676,
603,
671,
589,
691,
582,
677,
618,
642,
663,
630,
639,
660,
628,
604,
535,
625,
629,
635,
684,
642,
594,
649,
640,
630,
617,
636,
610,
628,
692,
646,
654,
586,
660,
675,
661,
605,
651,
695,
605,
634,
639,
707,
598,
644,
688,
608,
573,
661,
670,
585,
694,
655,
621,
646,
659,
645,
604,
713,
621,
697,
668,
662,
681,
660,
679,
636,
686,
668,
647,
681,
650,
662,
705,
621,
668,
702,
602,
691,
680,
662,
612,
715,
671,
621,
649,
700,
696,
619,
657,
658,
678,
606,
694,
700,
655,
628,
682,
693,
639,
628,
644,
734,
626,
663,
664,
707,
621,
705,
662,
621,
665,
614,
573,
680,
693,
597,
712,
678,
633,
663,
674,
633,
676,
641,
683,
680,
650,
697,
647,
722,
633,
694,
656,
697,
667,
667,
671,
648,
718,
656,
697,
628,
705,
685,
619,
716,
609,
745,
644,
689,
701,
624,
699,
698,
485,
635,
727,
620,
689,
690,
703,
636,
625,
660,
674,
667,
633,
634,
618,
638,
683,
693,
621,
672,
687,
680,
644,
608,
684,
680,
638,
598,
662,
659,
731,
648,
638,
708,
698,
639,
662,
470,
633,
658,
611,
740,
623,
719,
646,
655,
670,
650,
679,
650,
664,
692,
652,
694,
663,
675,
680,
698,
611,
731,
691,
652,
644,
710,
672,
632,
660,
623,
697,
678,
719,
709,
698,
502,
693,
728,
700,
693,
681,
647,
654,
640,
708,
714,
702,
660,
640,
494,
687,
674,
670,
729,
645,
661,
721,
672,
714,
650,
667,
716,
612,
701,
654,
697,
651,
635,
659,
627,
675,
618,
682,
645,
670,
670,
656,
665,
609,
695,
697,
721,
665,
628,
495,
666,
686,
674,
692,
652,
672,
719,
617,
711,
690,
648,
715,
651,
675,
677,
708,
663,
663,
717,
686,
707,
708,
671,
696,
645,
677,
655,
638,
530,
647,
704,
699,
692,
467,
638,
668,
648,
672,
480,
620,
664,
658,
659,
555,
652,
703,
655,
644,
671,
646,
690,
655,
676,
689,
637,
677,
672,
670,
693,
647,
684,
493,
644,
680,
675,
654,
645,
662,
661,
584,
668,
675,
661,
673,
671,
633,
693,
698,
681,
713,
665,
712,
651,
634,
720,
648,
669,
699,
630,
684,
679,
553,
622,
703,
688,
701,
706,
664,
676,
604,
666,
676,
697,
633,
688,
657,
675,
645,
661,
666,
607,
712,
688,
687,
725,
822,
775,
805,
798,
868,
866,
875,
884,
828,
858,
854,
912,
893,
928,
915,
854,
820,
808,
624,
776,
579,
730,
721,
767,
785,
781,
767,
789,
770,
776,
701,
768,
768,
731,
705,
652,
711,
600,
754,
616,
744,
729,
718,
715,
798,
807,
836,
813,
836,
774,
767,
817,
881,
885,
906,
864,
881,
883,
877,
970,
882,
913,
966,
950,
900,
948,
894,
859,
738,
899,
768,
915,
707,
869,
681,
825,
838,
796,
849,
816,
784,
783,
836,
753,
810,
699,
718,
765,
780,
824,
789,
788,
728,
753,
704,
752,
707,
748,
724,
789,
799,
826,
739,
734,
744,
824,
729,
744,
799,
725,
732,
764,
679,
736,
764,
677,
740,
764,
699,
724,
793,
680,
765,
710,
636,
749,
725,
738,
764,
689,
572,
696,
779,
716,
735,
763,
721,
742,
757,
725,
811,
679,
753,
766,
749,
694,
704,
772,
777,
815,
726,
648,
675,
594,
677,
733,
711,
726,
695,
702,
690,
710,
739,
744,
812,
766,
765,
683,
726,
720,
810,
790,
720,
727,
786,
798,
698,
786,
733,
741,
772,
723,
781,
715,
803,
708,
718,
741,
532,
752,
795,
689,
762,
804,
731,
724,
717,
770,
778,
797,
747,
713,
725,
693,
732,
687,
780,
748,
800,
759,
705,
526,
712,
810,
730,
697,
779,
724,
724,
760,
755,
717,
783,
733,
730,
799,
696,
722,
708,
687,
639,
724,
793,
691,
761,
761,
719,
727,
746,
683,
740,
809,
709,
740,
775,
721,
572,
732,
738,
718,
714,
753,
727,
771,
749,
749,
764,
720,
779,
736,
762,
657,
764,
781,
771,
775,
789,
745,
800,
762,
748,
776,
722,
753,
717,
723,
763,
734,
784,
744,
722,
742,
730,
795,
766,
756,
755,
707,
746,
753,
734,
758,
702,
731,
732,
724,
802,
767,
752,
735,
697,
762,
751,
745,
753,
696,
753,
751,
782,
791,
700,
738,
727,
735,
731,
710,
742,
721,
735,
798,
752,
760,
718,
694,
626,
746,
769,
745,
704,
760,
749,
790,
765,
714,
753,
741,
757,
757,
698,
782,
777,
752,
751,
702,
773,
747,
723,
750,
741,
782,
726,
717,
784,
720,
731,
759,
759,
780,
726,
745,
770,
716,
752,
760,
767,
754,
714,
775,
733,
727,
791,
731,
735,
752,
732,
743,
723,
774,
787,
739,
768,
708,
752,
772,
718,
761,
777,
943,
895,
925,
929,
953,
1009,
946,
935,
1023,
929,
942,
997,
902,
953,
981,
937,
953,
952,
929,
977,
967,
913,
980,
919,
927,
1011,
890,
952,
956,
880,
986,
935,
911,
958,
924,
906,
928,
997,
895,
913,
966,
863,
949,
957,
912,
889,
918,
960,
877,
893,
938,
945,
919,
884,
963,
898,
861,
945,
930,
915,
868,
912,
945,
853,
909,
922,
958,
930,
861,
887,
869,
925,
915,
879,
885,
829,
866,
861,
874,
928,
891,
934,
915,
900,
851,
877,
902,
889,
874,
914,
879,
931,
918,
888,
894,
825,
856,
876,
866,
708,
829,
841,
852,
834,
814,
829,
805,
654,
770,
677,
768,
794,
658,
770,
646,
766,
769,
641,
801,
749,
622,
790,
633,
763,
783,
792,
791,
653,
806,
782,
771,
758,
652,
807,
803,
731,
746,
709,
774,
777,
720,
750,
788,
778,
824,
781,
765,
856,
743,
802,
809,
736,
807,
804,
823,
787,
776,
781,
775,
717,
774,
764,
764,
840,
727,
805,
766,
749,
679,
772,
585,
776,
755,
755,
836,
759,
729,
712,
709,
723,
713,
791,
775,
727,
742,
756,
752,
616,
750,
779,
675,
738,
700,
777,
704,
728,
675,
759,
746,
750,
701,
777,
696,
679,
706,
533,
737,
689,
702,
709,
709,
718,
741,
712,
738,
700,
760,
723,
736,
708,
735,
674,
737,
700,
726,
716,
691,
499,
665,
499,
684,
697,
688,
691,
538,
662,
559,
668,
660,
683,
672,
596,
641,
556,
619,
630,
624,
630,
647,
610,
647,
592,
552,
615,
613,
632,
610,
640,
592,
415,
602,
628,
620,
610,
641,
596,
432,
598,
572,
614,
607,
419,
581,
411,
592,
616,
610,
597,
404,
570,
405,
575,
391,
598,
600,
589,
590,
380,
555,
371,
564,
492,
554,
566,
547,
555,
554,
532,
591,
573,
658,
557,
491,
560,
385,
506,
542,
515,
551,
512,
541,
551,
553,
556,
587,
524,
538,
516,
531,
517,
515,
530,
491,
533,
504,
607,
540,
546,
515,
612,
525,
532,
668,
519,
623,
498,
599,
510,
582,
561,
538,
563,
576,
584,
506,
431,
575,
608,
557,
534,
538,
531,
570,
549,
601,
585,
601,
593,
571,
616,
543,
555,
559,
601,
553,
555,
569,
525,
589,
539,
588,
554,
565,
570,
545,
573,
530,
570,
544,
563,
564,
564,
596,
572,
613,
611,
613,
616,
597,
634,
564,
546,
562,
620,
557,
550,
562,
531,
581,
548,
634,
593,
639,
617,
595,
591,
544,
579,
541,
610,
596,
620,
612,
563,
585,
531,
599,
584,
622,
611,
587,
581,
530,
586,
556,
639,
621,
638,
593,
593,
624,
571,
600,
558,
578,
592,
620,
643,
612,
635,
596,
592,
566,
559,
601,
577,
605,
608,
648,
636,
603,
583,
553,
548,
567,
582,
563,
621,
617,
608,
647,
583,
654,
595,
640,
609,
619,
609,
569,
587,
547,
610,
578,
611,
634,
597,
610,
564,
586,
561,
557,
568,
546,
580,
536,
578,
554,
576,
585,
593,
638,
601,
645,
590,
584,
559,
596,
642,
589,
592,
550,
661,
603,
574,
582,
611,
517,
522,
620,
616,
610,
552,
625,
618,
572,
578,
572,
665,
550,
578,
601,
617,
607,
539,
555,
605,
626,
542,
586,
617,
614,
571,
535,
640,
581,
615,
550,
612,
635,
571,
572,
542,
616,
616,
629,
566,
557,
574,
571,
628,
593,
627,
558,
567,
567,
606,
588,
602,
622,
550,
585,
571,
589,
607,
618,
640,
604,
640,
613,
636,
634,
603,
647,
576,
614,
555,
593,
603,
606,
634,
543,
602,
620,
592,
576,
566,
399,
596,
631,
596,
622,
621,
552,
591,
609,
608,
532,
655,
572,
581,
630,
539,
621,
579,
576,
567,
662,
563,
581,
624,
592,
574,
577,
468,
572,
583,
553,
632,
597,
542,
643,
542,
584,
2196,
2196,
605,
610,
549,
611,
618,
590,
595,
545,
615,
602,
632,
630,
611,
529,
585,
570,
593,
557,
593,
578,
2196,
569,
531,
559,
,
,
667,
583,
441,
584,
611,
630,
531,
589,
565,
602,
620,
618,
637,
590,
379,
548,
2196,
2196,
586,
603,
606,
579,
598,
593,
2196,
2196,
579,
601,
605,
549,
619,
584,
629,
592,
565,
591,
553,
614,
629,
585,
594,
579,
586,
612,
584,
603,
547,
519,
537,
615,
614,
594,
574,
539,
374,
545,
598,
555,
575,
577,
530,
496,
563,
631,
603,
570,
567,
616,
592,
532,
644,
519,
626,
567,
622,
545,
613,
562,
540,
628,
591,
623,
559,
580,
540,
576,
550,
586,
585,
614,
604,
576,
545,
546,
620,
551,
559,
571,
526,
526,
438,
555,
348,
585,
351,
542,
559,
557,
554,
549,
541,
581,
536,
533,
573,
567,
522,
535,
511,
364,
545,
361,
525,
345,
589,
524,
572,
593,
547,
543,
383,
583,
434,
375,
557,
400,
537,
389,
573,
590,
377,
540,
376,
568,
437,
375,
535,
400,
525,
388,
553,
562,
372,
585,
363,
524,
385,
580,
561,
474,
555,
356,
561,
428,
537,
583,
601,
509,
587,
563,
617,
534,
526,
489,
561,
627,
548,
566,
531,
537,
596,
545,
549,
532,
565,
526,
522,
564,
527,
628,
567,
622,
574,
565,
561,
513,
567,
523,
598,
579,
601,
588,
511,
509,
569,
588,
539,
564,
482,
522,
571,
576,
577,
549,
572,
559,
555,
572,
599,
541,
598,
530,
637,
519,
603,
545,
598,
575,
534,
602,
553,
591,
584,
516,
609,
545,
571,
614,
539,
580,
566,
580,
555,
557,
516,
557,
578,
543,
558,
395,
538,
587,
540,
541,
579,
549,
617,
598,
595,
492,
576,
626,
591,
589,
602,
561,
613,
585,
576,
618,
581,
623,
584,
565,
579,
530,
595,
575,
573,
457,
535,
595,
595,
585,
589,
538,
601,
570,
542,
493,
532,
564,
556,
560,
611,
529,
618,
549,
559,
616,
529,
610,
574,
546,
562,
530,
587,
565,
570,
598,
545,
632,
558,
564,
543,
549,
601,
579,
559,
609,
555,
680,
583,
558,
624,
572,
566,
612,
576,
581,
589,
568,
619,
568,
580,
611,
576,
568,
594,
567,
597,
583,
561,
595,
579,
565,
597,
554,
600,
595,
562,
608,
556,
565,
499,
550,
599,
577,
565,
631,
575,
569,
619,
564,
615,
574,
555,
636,
581,
578,
599,
563,
619,
578,
562,
635,
573,
569,
600,
556,
621,
577,
552,
629,
567,
590,
603,
552,
615,
597,
577,
617,
586,
564,
463,
578,
593,
616,
557,
630,
583,
577,
603,
557,
584,
541,
570,
612,
597,
558,
564,
588,
606,
430,
580,
603,
596,
536,
607,
586,
578,
511,
581,
611,
602,
580,
622,
616,
567,
635,
584,
591,
608,
578,
591,
605,
553,
627,
579,
575,
615,
572,
584,
607,
559,
612,
617,
570,
632,
674,
583,
618,
580,
596,
608,
588,
601,
611,
568,
613,
606,
573,
624,
601,
580,
622,
586,
589,
622,
579,
605,
611,
580,
608,
597,
595,
624,
591,
593,
633,
594,
612,
634,
601,
589,
505,
592,
614,
571,
573,
629,
620,
582,
626,
611,
593,
630,
591,
586,
637,
613,
585,
621,
599,
610,
623,
573,
606,
629,
584,
597,
587,
566,
624,
612,
569,
595,
589,
578,
624,
592,
560,
607,
596,
584,
625,
594,
579,
613,
592,
601,
559,
601,
602,
438,
586,
588,
453,
587,
623,
533,
598,
656,
422,
589,
630,
632,
600,
538,
614,
588,
498,
439,
604,
462,
570,
602,
468,
610,
598,
450,
588,
611,
535,
585,
622,
409,
579,
445,
603,
590,
516,
585,
600,
437,
584,
594,
593,
587,
606,
572,
604,
453,
565,
600,
572,
582,
630,
582,
613,
593,
572,
626,
572,
580,
549,
575,
423,
522,
638,
545,
582,
544,
570,
456,
552,
578,
532,
541,
597,
546,
628,
553,
578,
518,
566,
585,
525,
353,
521,
575,
558,
604,
534,
534,
516,
513,
545,
565,
599,
522,
549,
541,
337,
555,
303,
517,
355,
499,
324,
510,
567,
541,
577,
528,
344,
493,
345,
515,
299,
531,
344,
512,
457,
540,
544,
505,
569,
559,
554,
549,
525,
560,
517,
570,
532,
425,
533,
350,
518,
567,
526,
539,
546,
518,
578,
514,
431,
474,
294,
494,
478,
520,
499,
513,
519,
554,
499,
424,
506,
319,
493,
438,
496,
535,
538,
528,
448,
541,
365,
511,
358,
503,
574,
532,
532,
564,
525,
317,
501,
336,
505,
335,
480,
313,
483,
309,
502,
429,
536,
495,
531,
494,
519,
526,
535,
502,
530,
514,
546,
494,
471,
528,
479,
513,
455,
513,
497,
532,
449,
324,
473,
486,
503,
485,
489,
469,
532,
443,
290,
466,
452,
464,
551,
499,
479,
481,
443,
477,
443,
503,
488,
494,
521,
437,
487,
489,
480,
463,
511,
419,
470,
504,
481,
491,
496,
470,
550,
436,
529,
480,
469,
547,
467,
497,
492,
496,
470,
446,
464,
505,
535,
521,
472,
507,
465,
509,
512,
483,
533,
475,
505,
487,
456,
517,
464,
510,
495,
488,
517,
490,
517,
494,
476,
514,
492,
526,
523,
485,
522,
486,
503,
520,
466,
517,
505,
528,
538,
470,
518,
509,
486,
518,
497,
553,
494,
481,
531,
476,
527,
527,
452,
537,
496,
528,
397,
484,
527,
528,
492,
547,
495,
547,
496,
487,
554,
510,
506,
446,
508,
536,
516,
499,
549,
535,
506,
536,
517,
524,
515,
549,
536,
527,
535,
558,
523,
552,
535,
527,
563,
538,
521,
561,
542,
555,
571,
510,
565,
535,
526,
585,
526,
560,
549,
521,
593,
540,
535,
597,
538,
551,
580,
514,
583,
543,
564,
394,
530,
583,
583,
525,
581,
531,
551,
582,
521,
553,
534,
535,
567,
547,
574,
535,
544,
564,
499,
580,
564,
533,
529,
523,
563,
538,
501,
581,
558,
543,
521,
516,
570,
520,
539,
470,
531,
554,
529,
537,
408,
511,
581,
557,
515,
559,
523,
547,
569,
534,
556,
534,
519,
547,
542,
562,
541,
532,
564,
533,
550,
546,
515,
590,
526,
533,
581,
503,
553,
554,
503,
554,
545,
536,
547,
514,
555,
553,
511,
578,
518,
539,
414,
500,
563,
540,
541,
559,
516,
546,
401,
503,
553,
536,
542,
545,
511,
539,
534,
540,
550,
533,
519,
567,
493,
561,
540,
544,
543,
513,
554,
546,
508,
556,
548,
514,
555,
498,
568,
528,
519,
553,
542,
532,
463,
506,
558,
550,
518,
595,
528,
527,
551,
508,
557,
531,
514,
498,
522,
534,
471,
525,
551,
521,
502,
342,
496,
551,
516,
517,
486,
530,
514,
448,
489,
529,
553,
508,
555,
532,
524,
536,
521,
570,
551,
520,
506,
531,
542,
561,
514,
548,
539,
533,
495,
525,
526,
572,
490,
567,
512,
525,
577,
499,
537,
535,
510,
553,
514,
545,
526,
485,
535,
489,
503,
506,
497,
548,
506,
526,
501,
2196,
2196,
509,
574,
478,
534,
517,
496,
,
438,
487,
523,
532,
,
,
503,
1572,
1572,
1576,
474,
511,
494,
549,
525,
542,
527,
2196,
2196,
487,
421,
466,
2196,
2196,
529,
527,
577,
537,
501,
518,
671,
687,
761,
726,
747,
749,
634,
639,
606,
642,
636,
672,
697,
638,
465,
617,
498,
584,
511,
634,
641,
654,
646,
640,
632,
467,
603,
452,
640,
620,
530,
598,
437,
579,
427,
535,
637,
436,
576,
499,
556,
599,
558,
785,
747,
839,
837,
773,
830,
750,
832,
792,
871,
899,
727,
754,
774,
851,
697,
804,
652,
743,
774,
745,
814,
736,
705,
737,
740,
795,
755,
779,
699,
714,
630,
650,
624,
671,
671,
669,
659,
590,
626,
608,
574,
634,
640,
567,
659,
651,
650,
587,
599,
641,
628,
590,
530,
652,
583,
581,
584,
652,
550,
603,
617,
545,
655,
526,
651,
535,
664,
557,
606,
584,
612,
605,
565,
574,
535,
588,
604,
639,
590,
552,
590,
579,
651,
610,
644,
612,
598,
621,
591,
654,
589,
669,
605,
591,
568,
569,
656,
553,
584,
603,
598,
574,
604,
605,
545,
638,
566,
598,
579,
592,
612,
576,
598,
577,
563,
655,
572,
571,
599,
581,
605,
543,
599,
621,
610,
418,
582,
605,
574,
561,
583,
552,
600,
586,
577,
418,
590,
628,
587,
566,
423,
577,
592,
582,
579,
628,
565,
603,
596,
584,
594,
563,
578,
610,
558,
601,
580,
590,
595,
526,
593,
599,
600,
628,
580,
624,
562,
572,
604,
582,
595,
595,
576,
616,
591,
574,
499,
567,
586,
613,
545,
634,
585,
603,
612,
604,
588,
628,
568,
620,
587,
558,
617,
577,
584,
607,
583,
607,
621,
574,
631,
587,
594,
465,
596,
579,
616,
563,
621,
578,
582,
615,
597,
582,
439,
588,
591,
618,
573,
633,
606,
591,
620,
604,
590,
611,
607,
587,
628,
582,
613,
621,
566,
623,
612,
579,
627,
614,
588,
625,
599,
597,
623,
595,
611,
605,
583,
632,
606,
573,
639,
614,
580,
611,
604,
597,
629,
585,
599,
521,
595,
606,
494,
581,
613,
635,
603,
626,
618,
588,
630,
619,
602,
636,
610,
629,
753,
735,
712,
733,
732,
703,
701,
687,
700,
709,
664,
690,
606,
665,
701,
714,
676,
704,
693,
671,
697,
687,
679,
700,
671,
687,
496,
677,
672,
700,
645,
678,
685,
661,
683,
681,
656,
688,
664,
667,
690,
656,
676,
687,
637,
656,
693,
652,
666,
672,
648,
687,
672,
630,
687,
667,
647,
689,
667,
635,
671,
660,
659,
684,
673,
649,
673,
648,
648,
696,
667,
674,
695,
669,
669,
564,
668,
685,
692,
639,
668,
671,
643,
684,
679,
633,
677,
667,
649,
690,
670,
644,
677,
660,
665,
688,
648,
637,
679,
658,
666,
690,
638,
651,
683,
651,
679,
676,
640,
682,
672,
641,
675,
654,
657,
702,
684,
679,
816,
864,
830,
696,
811,
806,
849,
786,
862,
827,
804,
705,
819,
795,
668,
790,
926,
661,
799,
678,
775,
793,
638,
768,
811,
749,
763,
657,
802,
818,
872,
900,
909,
898,
877,
739,
811,
873,
895,
804,
860,
848,
825,
780,
823,
767,
822,
874,
779,
842,
827,
799,
742,
779,
738,
743,
759,
750,
671,
750,
704,
728,
669,
733,
667,
663,
741,
630,
646,
698,
589,
620,
595,
656,
466,
600,
454,
655,
464,
649,
481,
632,
439,
595,
688,
658,
545,
652,
639,
663,
638,
679,
657,
635,
666,
676,
635,
648,
624,
677,
632,
579,
630,
438,
635,
574,
618,
666,
667,
663,
669,
639,
707,
628,
673,
658,
457,
657,
646,
668,
629,
734,
609,
663,
620,
429,
615,
664,
652,
629,
676,
634,
452,
616,
460,
634,
654,
652,
665,
471,
622,
480,
633,
645,
629,
622,
550,
504,
489,
480,
322,
451,
481,
460,
459,
492,
442,
479,
422,
303,
448,
480,
452,
500,
475,
498,
328,
456,
338,
458,
398,
478,
497,
508,
474,
329,
469,
317,
450,
313,
445,
480,
469,
492,
495,
478,
434,
466,
284,
411,
269,
416,
248,
406,
255,
385,
264,
421,
242,
413,
250,
410,
251,
371,
214,
401,
199,
362,
417,
338,
380,
341,
381,
396,
373,
416,
329,
358,
366,
398,
378,
417,
368,
399,
427,
354,
300,
335,
399,
351,
378,
375,
382,
266,
378,
408,
367,
434,
389,
376,
406,
383,
400,
396,
368,
409,
393,
428,
368,
379,
403,
367,
411,
366,
386,
394,
365,
352,
391,
407,
411,
374,
431,
387,
387,
380,
366,
430,
396,
400,
415,
358,
428,
387,
410,
318,
393,
413,
385,
396,
416,
369,
439,
416,
382,
433,
367,
409,
429,
368,
432,
392,
399,
447,
358,
430,
411,
417,
436,
394,
421,
427,
416,
445,
420,
418,
467,
433,
457,
435,
420,
461,
444,
461,
439,
451,
476,
442,
488,
481,
426,
503,
455,
451,
509,
453,
480,
447,
455,
488,
420,
479,
471,
455,
465,
433,
481,
443,
425,
501,
443,
437,
463,
447,
333,
460,
452,
504,
453,
494,
473,
485,
496,
473,
513,
489,
481,
481,
434,
484,
456,
427,
498,
472,
492,
474,
434,
475,
454,
478,
487,
431,
474,
442,
444,
388,
415,
489,
464,
469,
379,
443,
486,
468,
462,
357,
433,
489,
446,
437,
473,
420,
475,
429,
420,
302,
409,
470,
444,
437,
260,
420,
481,
478,
494,
524,
474,
490,
450,
460,
511,
466,
537,
502,
477,
499,
466,
536,
456,
484,
517,
442,
495,
469,
471,
482,
473,
470,
449,
480,
449,
494,
472,
423,
496,
439,
460,
505,
431,
338,
441,
487,
450,
430,
494,
460,
505,
475,
439,
361,
416,
467,
435,
427,
462,
413,
483,
465,
454,
365,
423,
458,
456,
429,
471,
436,
477,
463,
409,
454,
422,
438,
454,
414,
474,
427,
423,
442,
420,
491,
443,
450,
428,
414,
476,
428,
475,
457,
432,
482,
431,
469,
450,
416,
457,
413,
468,
483,
426,
467,
423,
443,
416,
403,
464,
453,
441,
457,
409,
478,
444,
416,
423,
419,
441,
415,
404,
458,
431,
430,
451,
418,
441,
291,
393,
476,
421,
423,
462,
448,
429,
461,
418,
515,
453,
457,
490,
474,
520,
481,
471,
514,
511,
514,
501,
486,
538,
516,
562,
453,
555,
580,
569,
592,
655,
565,
601,
577,
577,
604,
538,
561,
523,
546,
570,
497,
602,
510,
555,
550,
497,
566,
552,
548,
526,
484,
523,
478,
523,
474,
551,
526,
582,
513,
465,
542,
471,
496,
517,
497,
507,
477,
518,
491,
499,
521,
533,
487,
574,
500,
521,
500,
553,
470,
557,
483,
492,
481,
538,
492,
507,
496,
546,
457,
552,
456,
529,
498,
522,
484,
561,
569,
686,
690,
788,
846,
919,
860,
956,
928,
957,
954,
851,
938,
972,
917,
932,
741,
845,
911,
879,
877,
904,
858,
702,
865,
880,
892,
861,
916,
871,
750,
885,
907,
918,
893,
932,
885,
925,
923,
767,
929,
863,
939,
906,
915,
957,
879,
940,
942,
870,
964,
887,
864,
910,
791,
889,
772,
882,
829,
931,
713,
841,
904,
832,
738,
851,
702,
907,
706,
830,
656,
822,
690,
901,
713,
806,
799,
828,
967,
844,
885,
905,
848,
913,
876,
881,
929,
837,
968,
825,
950,
833,
940,
826,
910,
850,
866,
929,
802,
844,
886,
706,
788,
894,
872,
895,
729,
791,
768,
844,
810,
854,
829,
840,
842,
819,
801,
741,
779,
808,
858,
735,
856,
768,
841,
793,
772,
764,
762,
819,
799,
803,
748,
812,
848,
799,
820,
733,
791,
729,
781,
742,
770,
789,
813,
839,
764,
789,
816,
807,
778,
800,
789,
810,
776,
799,
780,
845,
730,
840,
775,
772,
840,
766,
784,
775,
815,
767,
734,
759,
769,
793,
822,
787,
848,
809,
821,
819,
793,
825,
770,
756,
787,
769,
835,
781,
758,
820,
798,
799,
797,
783,
740,
788,
775,
796,
753,
840,
763,
776,
825,
736,
811,
815,
757,
801,
794,
789,
783,
783,
805,
766,
796,
810,
766,
812,
778,
763,
786,
753,
833,
773,
776,
808,
773,
779,
817,
766,
810,
801,
762,
817,
777,
761,
820,
790,
770,
808,
776,
761,
761,
763,
793,
786,
758,
800,
778,
747,
791,
788,
772,
797,
753,
763,
770,
788,
771,
815,
767,
757,
656,
762,
772,
695,
775,
771,
686,
761,
768,
603,
743,
756,
592,
737,
765,
676,
752,
776,
804,
756,
777,
795,
761,
775,
782,
734,
748,
752,
736,
770,
812,
759,
760,
727,
769,
746,
775,
780,
758,
794,
788,
729,
806,
756,
766,
756,
797,
740,
776,
803,
743,
776,
611,
748,
755,
808,
764,
719,
804,
788,
739,
765,
757,
762,
793,
791,
748,
748,
821,
787,
736,
796,
802,
775,
796,
806,
793,
786,
808,
794,
781,
831,
762,
799,
802,
803,
759,
810,
799,
777,
817,
768,
783,
740,
822,
734,
785,
800,
753,
787,
771,
781,
782,
793,
789,
750,
785,
792,
766,
796,
796,
754,
777,
780,
805,
835,
796,
784,
837,
820,
791,
822,
808,
782,
817,
799,
792,
822,
814,
803,
853,
825,
808,
846,
830,
809,
831,
805,
812,
850,
824,
805,
812,
824,
818,
827,
813,
830,
823,
817,
836,
813,
811,
837,
820,
804,
827,
820,
814,
851,
795,
848,
827,
820,
837,
829,
809,
848,
802,
843,
832,
810,
841,
818,
792,
828,
801,
801,
843,
790,
858,
815,
801,
805,
834,
879,
765,
858,
878,
912,
862,
740,
884,
866,
866,
898,
898,
917,
907,
889,
845,
849,
855,
900,
946,
862,
744,
876,
914,
878,
886,
694,
865,
767,
814,
919,
875,
797,
685,
863,
873,
812,
829,
896,
850,
916,
857,
906,
860,
877,
812,
764,
883,
744,
828,
755,
861,
729,
801,
813,
772,
756,
707,
663,
696,
514,
703,
775,
758,
768,
678,
765,
795,
768,
690,
786,
736,
694,
790,
735,
728,
761,
720,
772,
743,
707,
643,
666,
731,
763,
778,
718,
512,
678,
599,
678,
732,
673,
609,
663,
496,
677,
661,
717,
577,
669,
679,
695,
624,
660,
685,
700,
726,
728,
703,
736,
716,
711,
742,
693,
741,
755,
670,
770,
724,
738,
657,
614,
708,
547,
709,
551,
686,
721,
704,
701,
711,
684,
728,
702,
749,
691,
479,
643,
487,
678,
689,
642,
666,
688,
643,
505,
604,
664,
607,
502,
616,
421,
592,
561,
584,
641,
607,
613,
634,
621,
664,
611,
396,
567,
423,
614,
406,
591,
406,
584,
616,
535,
579,
420,
557,
409,
598,
400,
571,
519,
582,
589,
605,
572,
498,
603,
414,
543,
398,
533,
414,
525,
389,
588,
387,
569,
374,
576,
394,
575,
354,
570,
384,
573,
566,
575,
619,
566,
552,
620,
556,
602,
534,
489,
503,
610,
508,
560,
565,
547,
527,
490,
530,
487,
536,
513,
533,
591,
521,
546,
523,
577,
501,
572,
540,
517,
556,
565,
530,
557,
501,
576,
550,
548,
534,
552,
547,
506,
584,
581,
560,
553,
499,
565,
545,
549,
532,
533,
582,
547,
541,
537,
514,
576,
566,
593,
600,
561,
586,
523,
561,
556,
553,
602,
542,
567,
541,
545,
605,
569,
616,
569,
543,
575,
564,
616,
553,
555,
620,
577,
591,
564,
597,
571,
589,
636,
550,
625,
573,
602,
609,
558,
598,
598,
588,
611,
547,
649,
555,
629,
575,
593,
615,
542,
677,
617,
625,
695,
588,
641,
656,
647,
611,
707,
701,
661,
672,
647,
675,
666,
659,
676,
674,
2196,
771,
734,
2196,
2196,
775,
680,
697,
766,
672,
769,
651,
753,
751,
705,
737,
771,
736,
700,
709,
753,
795,
789,
812,
798,
818,
715,
716,
720,
813,
759,
736,
703,
815,
726,
733,
771,
700,
755,
685,
690,
707,
657,
714,
681,
650,
716,
618,
731,
610,
647,
640,
625,
623,
681,
574,
678,
624,
598,
646,
604,
598,
654,
578,
572,
651,
596,
579,
576,
501,
590,
618,
542,
596,
559,
616,
609,
639,
625,
636,
618,
606,
607,
570,
589,
531,
610,
579,
656,
559,
578,
600,
644,
589,
549,
573,
584,
498,
590,
621,
556,
585,
546,
594,
565,
589,
579,
586,
593,
579,
607,
560,
604,
545,
585,
542,
612,
603,
661,
627,
654,
634,
622,
626,
613,
647,
618,
665,
616,
645,
578,
601,
557,
606,
633,
663,
616,
561,
614,
616,
615,
556,
685,
590,
625,
619,
586,
651,
555,
593,
565,
482,
584,
638,
568,
665,
581,
642,
585,
555,
615,
612,
686,
609,
615,
551,
636,
636,
635,
556,
578,
652,
581,
602,
578,
536,
569,
645,
567,
630,
605,
551,
623,
595,
676,
596,
654,
592,
604,
575,
545,
610,
544,
581,
584,
615,
595,
560,
631,
559,
591,
595,
612,
372,
550,
643,
556,
566,
512,
545,
572,
581,
588,
547,
532,
641,
593,
552,
566,
1560,
561,
424,
527,
2196,
2196,
2196,
2196,
2196,
2196,
2196,
2196,
2196,
2196,
2196,
2196,
2196,
2196,
2196,
2196,
2196,
2196,
2196,
2196,
2196,
2196,
2196,
2196,
2196,
2196,
2196,
1158,
1077,
1180,
1216,
1171,
1169,
1165,
1091,
1102,
1069,
1097,
1070,
1055,
1077,
1034,
1020,
1062,
989,
979,
819,
964,
982,
985,
961,
1009,
974,
961,
991,
954,
963,
896,
951,
989,
979,
959,
1013,
963,
958,
973,
942,
999,
939,
936,
1001,
927,
938,
970,
923,
958,
928,
923,
1005,
929,
927,
934,
949,
993,
969,
998,
944,
993,
1020,
973,
997,
1039,
959,
935,
924,
954,
915,
944,
997,
1005,
953,
960,
1032,
920,
932,
923,
995,
926,
987,
1056,
1037,
1094,
1044,
1015,
1043,
1047,
1078,
1115,
1150,
1087,
1060,
1117,
1171,
1087,
1059,
1001,
1067,
1034,
1106,
1052,
1010,
1068,
1123,
1083,
1001,
1039,
949,
983,
1114,
1090,
866,
1124,
940,
1097,
1106,
998,
1044,
1143,
1100,
1018,
1037,
1111,
1019,
924,
1114,
969,
1019,
901,
1090,
931,
985,
992,
992,
979,
1109,
1045,
1016,
1136,
1120,
1027,
1027,
1134,
1077,
1003,
1114,
1010,
1040,
1058,
1000,
1112,
1053,
988,
1115,
1081,
1034,
971,
1025,
1086,
1108,
1034,
1006,
991,
1097,
1095,
1113,
1019,
1019,
968,
1038,
1059,
1104,
1029,
933,
921,
992,
973,
1080,
1019,
854,
884,
922,
960,
1009,
899,
933,
945,
1014,
868,
970,
977,
913,
975,
913,
994,
911,
997,
921,
978,
941,
927,
977,
895,
1014,
1016,
922,
927,
869,
911,
920,
955,
933,
960,
924,
946,
899,
958,
1016,
996,
909,
980,
965,
938,
1022,
920,
980,
1010,
907,
988,
983,
922,
968,
1049,
934,
947,
901,
932,
995,
952,
1018,
961,
1011,
964,
944,
913,
909,
1021,
944,
931,
949,
989,
923,
961,
966,
926,
980,
956,
879,
756,
842,
932,
940,
885,
879,
843,
919,
890,
911,
882,
871,
925,
885,
869,
882,
847,
944,
917,
851,
774,
868,
898,
913,
840,
919,
848,
870,
932,
896,
869,
902,
918,
943,
910,
946,
902,
927,
934,
867,
898,
875,
904,
892,
857,
879,
880,
852,
907,
858,
858,
915,
862,
861,
897,
864,
861,
752,
853,
865,
882,
852,
880,
863,
860,
888,
857,
854,
896,
854,
853,
828,
863,
855,
875,
857,
875,
831,
846,
887,
882,
832,
894,
869,
855,
839,
881,
863,
895,
855,
857,
899,
858,
856,
748,
869,
881,
883,
849,
904,
883,
842,
901,
883,
863,
881,
861,
872,
905,
863,
866,
902,
875,
875,
836,
863,
882,
897,
860,
879,
890,
869,
887,
897,
861,
884,
870,
860,
908,
887,
873,
908,
887,
869,
907,
862,
849,
868,
862,
856,
901,
889,
873,
923,
879,
874,
914,
868,
866,
902,
873,
869,
911,
873,
882,
902,
873,
863,
893,
869,
863,
893,
873,
881,
909,
885,
879,
913,
882,
880,
908,
863,
834,
877,
870,
876,
822,
861,
828,
872,
864,
846,
882,
844,
802,
873,
869,
820,
859,
867,
822,
837,
881,
833,
855,
882,
796,
870,
856,
853,
821,
884,
829,
857,
837,
874,
820,
866,
849,
821,
889,
798,
858,
859,
798,
859,
845,
872,
853,
836,
898,
830,
842,
876,
858,
844,
843,
872,
842,
854,
885,
828,
844,
824,
852,
854,
798,
879,
880,
873,
837,
856,
892,
868,
883,
917,
885,
890,
914,
883,
882,
897,
863,
869,
946,
961,
996,
983,
1002,
1021,
1043,
1052,
1069,
1064,
1083,
1088,
1085,
1098,
1024,
1109,
1025,
1022,
1067,
1050,
1056,
984,
978,
1035,
1026,
1008,
1038,
1125,
1196,
1207,
1189,
1137,
1115,
1193,
1164,
1122,
1151,
1137,
1141,
1153,
1170,
1177,
1207,
1173,
1206,
1209,
1190,
1188,
1187,
1196,
1196,
1189,
1191,
1186,
1201,
1196,
1185,
1213,
1176,
1196,
1211,
1178,
1176,
1162,
1157,
1167,
1170,
1224,
1183,
1159,
1155,
1261,
1204,
1152,
1142,
1166,
1246,
1272,
1123,
1187,
1230,
1140,
1230,
1182,
1130,
1290,
1105,
1131,
1286,
1260,
1148,
1085,
1054,
1029,
1104,
1103,
1147,
1178,
1160,
1176,
1163,
1086,
996,
980,
971,
1087,
1211,
1145,
1019,
1034,
1106,
1168,
1040,
945,
1148,
1155,
971,
1007,
1132,
937,
883,
1052,
859,
899,
909,
851,
838,
845,
985,
731,
920,
916,
895,
932,
790,
957,
794,
936,
836,
916,
827,
928,
796,
921,
880,
838,
699,
819,
912,
631,
921,
834,
858,
897,
792,
908,
842,
821,
932,
838,
798,
905,
856,
650,
869,
891,
699,
797,
916,
918,
761,
839,
937,
879,
778,
776,
838,
737,
858,
778,
751,
783,
810,
876,
844,
896,
889,
861,
691,
844,
823,
648,
741,
748,
754,
736,
632,
845,
830,
713,
725,
761,
862,
817,
662,
677,
647,
615,
703,
695,
654,
645,
611,
635,
649,
702,
608,
630,
579,
572,
553,
562,
589,
570,
563,
568,
551,
598,
601,
589,
624,
571,
613,
577,
569,
449,
543,
534,
570,
583,
417,
533,
399,
564,
555,
581,
538,
379,
525,
570,
546,
525,
360,
504,
347,
515,
550,
522,
535,
538,
507,
339,
489,
336,
508,
311,
481,
423,
472,
484,
499,
495,
484,
460,
526,
452,
520,
437,
514,
464,
506,
477,
510,
451,
558,
449,
552,
456,
553,
462,
536,
473,
523,
536,
475,
490,
513,
553,
497,
523,
461,
329,
460,
521,
492,
554,
537,
525,
483,
535,
529,
473,
550,
449,
486,
465,
575,
486,
536,
525,
474,
561,
498,
518,
495,
567,
535,
496,
503,
518,
546,
531,
565,
533,
539,
512,
501,
533,
482,
538,
488,
526,
506,
514,
547,
516,
577,
531,
579,
544,
569,
556,
557,
525,
539,
574,
552,
562,
554,
522,
552,
494,
539,
503,
544,
545,
547,
599,
540,
586,
506,
540,
521,
535,
605,
525,
515,
521,
570,
579,
519,
382,
546,
561,
516,
582,
562,
503,
373,
513,
562,
569,
534,
580,
505,
600,
555,
533,
576,
513,
593,
556,
556,
568,
547,
554,
550,
605,
540,
546,
585,
528,
544,
532,
551,
583,
570,
613,
545,
552,
556,
546,
599,
562,
598,
597,
559,
601,
555,
580,
566,
552,
590,
554,
592,
586,
573,
616,
568,
593,
562,
548,
603,
571,
690,
616,
588,
641,
596,
603,
596,
558,
592,
559,
570,
588,
552,
612,
591,
604,
614,
557,
602,
568,
561,
592,
578,
641,
609,
598,
452,
544,
610,
594,
591,
462,
550,
639,
620,
564,
586,
580,
589,
592,
590,
608,
577,
595,
530,
584,
633,
572,
586,
383,
600,
597,
611,
551,
567,
571,
589,
599,
583,
607,
590,
568,
634,
562,
685,
619,
551,
620,
591,
586,
609,
558,
625,
595,
556,
636,
580,
576,
517,
554,
618,
600,
571,
607,
599,
592,
608,
570,
618,
592,
582,
558,
578,
609,
582,
562,
637,
583,
576,
421,
557,
608,
593,
591,
552,
577,
579,
577,
540,
602,
572,
582,
585,
541,
598,
564,
580,
606,
577,
611,
579,
561,
529,
538,
606,
595,
605,
633,
561,
596,
551,
551,
406,
545,
608,
589,
587,
539,
550,
636,
580,
570,
604,
604,
578,
571,
545,
639,
566,
576,
386,
577,
593,
599,
560,
604,
597,
579,
557,
561,
609,
574,
596,
497,
545,
610,
580,
577,
394,
560,
589,
618,
544,
477,
602,
573,
484,
578,
603,
621,
561,
623,
583,
582,
608,
578,
581,
602,
552,
604,
583,
569,
615,
604,
572,
603,
562,
601,
591,
573,
609,
574,
580,
611,
539,
619,
576,
563,
549,
588,
592,
564,
546,
436,
569,
596,
588,
559,
578,
540,
612,
607,
544,
620,
520,
640,
547,
554,
627,
555,
575,
524,
576,
574,
559,
563,
533,
558,
524,
576,
602,
606,
559,
524,
512,
591,
377,
535,
342,
554,
559,
513,
570,
537,
548,
520,
552,
551,
508,
355,
530,
553,
342,
494,
359,
523,
379,
553,
499,
464,
547,
391,
538,
365,
536,
544,
375,
523,
386,
571,
582,
416,
573,
424,
595,
564,
379,
529,
393,
541,
568,
361,
567,
374,
555,
584,
541,
555,
402,
558,
579,
558,
536,
373,
522,
563,
552,
573,
393,
528,
569,
579,
574,
562,
516,
591,
562,
538,
577,
573,
473,
539,
599,
542,
566,
622,
528,
615,
535,
570,
583,
527,
603,
538,
612,
549,
564,
567,
592,
571,
588,
545,
616,
559,
571,
591,
539,
604,
543,
448,
528,
588,
609,
566,
525,
563,
577,
581,
595,
568,
569,
583,
556,
614,
578,
539,
615,
561,
562,
579,
597,
524,
534,
586,
582,
565,
572,
562,
639,
572,
542,
603,
564,
592,
548,
596,
609,
550,
473,
552,
589,
596,
573,
428,
540,
582,
570,
564,
405,
591,
630,
596,
595,
512,
537,
598,
574,
586,
565,
584,
619,
599,
592,
618,
577,
623,
599,
595,
621,
591,
631,
611,
601,
441,
590,
628,
603,
596,
599,
563,
623,
634,
574,
583,
609,
615,
592,
591,
584,
569,
578,
540,
478,
593,
618,
588,
609,
628,
551,
610,
571,
588,
599,
575,
633,
604,
601,
444,
576,
620,
594,
568,
414,
556,
605,
575,
578,
427,
580,
624,
600,
612,
629,
584,
634,
606,
597,
626,
577,
610,
581,
570,
528,
601,
638,
589,
571,
464,
582,
614,
579,
583,
660,
605,
593,
616,
578,
611,
584,
623,
632,
568,
637,
600,
586,
571,
585,
613,
611,
571,
659,
587,
609,
613,
593,
639,
591,
596,
635,
592,
620,
603,
608,
630,
602,
581,
541,
568,
633,
612,
599,
636,
592,
614,
626,
577,
636,
607,
609,
501,
588,
636,
596,
572,
652,
593,
590,
636,
592,
640,
618,
572,
642,
607,
615,
633,
582,
621,
623,
607,
633,
596,
598,
623,
621,
612,
653,
580,
647,
612,
594,
633,
601,
607,
628,
605,
622,
633,
587,
645,
604,
599,
454,
586,
614,
618,
586,
647,
634,
600,
652,
603,
620,
638,
614,
639,
644,
599,
658,
608,
629,
645,
622,
614,
651,
592,
656,
625,
596,
639,
615,
616,
641,
621,
620,
646,
598,
635,
630,
591,
662,
616,
616,
644,
610,
636,
638,
610,
634,
638,
619,
643,
629,
617,
648,
624,
613,
643,
624,
618,
538,
591,
632,
650,
595,
662,
612,
609,
671,
620,
619,
647,
594,
643,
628,
585,
641,
604,
595,
641,
601,
607,
639,
594,
607,
540,
596,
627,
638,
581,
633,
633,
589,
647,
625,
593,
498,
623,
605,
623,
597,
611,
641,
591,
598,
453,
599,
483,
614,
597,
499,
593,
608,
459,
438,
592,
467,
617,
606,
463,
605,
576,
459,
585,
581,
571,
605,
510,
625,
604,
453,
608,
613,
546,
583,
630,
610,
581,
581,
603,
599,
499,
573,
615,
618,
590,
458,
571,
620,
597,
560,
609,
557,
596,
610,
575,
603,
532,
623,
596,
543,
402,
530,
639,
550,
587,
564,
591,
590,
544,
629,
568,
543,
483,
538,
635,
564,
611,
536,
556,
627,
538,
576,
562,
544,
540,
614,
537,
566,
608,
605,
624,
583,
483,
587,
505,
540,
562,
543,
619,
516,
637,
508,
629,
535,
606,
586,
579,
523,
561,
552,
550,
542,
562,
538,
557,
581,
451,
562,
412,
522,
534,
514,
370,
540,
346,
522,
379,
565,
423,
547,
571,
550,
576,
576,
564,
593,
562,
538,
543,
371,
497,
336,
498,
349,
516,
561,
525,
539,
534,
533,
546,
555,
359,
504,
368,
526,
396,
541,
577,
555,
543,
490,
532,
372,
508,
356,
520,
472,
529,
519,
550,
543,
545,
523,
350,
525,
351,
518,
337,
494,
351,
483,
334,
474,
407,
518,
445,
480,
440,
482,
439,
495,
440,
478,
337,
480,
342,
542,
538,
531,
572,
540,
523,
493,
545,
568,
523,
517,
518,
588,
472,
590,
490,
599,
489,
539,
557,
493,
567,
534,
538,
490,
564,
541,
572,
574,
549,
584,
548,
591,
562,
535,
539,
494,
348,
532,
585,
538,
510,
528,
546,
548,
530,
596,
516,
547,
444,
520,
586,
523,
600,
547,
547,
528,
527,
607,
541,
555,
593,
510,
535,
538,
560,
584,
528,
581,
561,
566,
572,
553,
574,
554,
367,
564,
569,
551,
582,
476,
558,
583,
562,
592,
540,
584,
383,
522,
628,
537,
584,
584,
533,
457,
521,
618,
556,
538,
620,
510,
612,
542,
595,
560,
541,
534,
549,
590,
563,
553,
622,
523,
609,
537,
614,
569,
547,
583,
546,
611,
537,
580,
418,
555,
615,
537,
578,
593,
523,
606,
594,
560,
573,
548,
567,
572,
610,
539,
576,
601,
541,
575,
568,
593,
629,
588,
598,
550,
561,
587,
565,
622,
591,
598,
581,
539,
584,
581,
617,
623,
562,
590,
555,
613,
606,
551,
385,
588,
639,
554,
566,
572,
540,
564,
599,
577,
580,
569,
565,
588,
614,
560,
569,
418,
544,
639,
563,
558,
613,
533,
600,
605,
551,
549,
564,
381,
578,
598,
562,
570,
595,
538,
632,
582,
544,
385,
569,
596,
549,
595,
508,
543,
586,
581,
599,
552,
543,
553,
606,
599,
575,
532,
451,
562,
615,
599,
560,
595,
545,
576,
558,
561,
543,
574,
622,
610,
597,
635,
586,
635,
601,
607,
629,
586,
631,
609,
602,
632,
595,
625,
603,
586,
619,
558,
592,
561,
545,
582,
565,
606,
587,
553,
604,
571,
578,
549,
585,
441,
541,
597,
566,
598,
556,
553,
616,
549,
576,
578,
592,
482,
566,
579,
574,
604,
554,
594,
573,
548,
600,
577,
566,
566,
585,
447,
557,
619,
544,
586,
576,
574,
574,
586,
546,
603,
588,
633,
559,
572,
585,
578,
432,
543,
616,
600,
541,
553,
548,
538,
603,
548,
606,
525,
540,
535,
579,
591,
553,
394,
526,
629,
553,
574,
552,
536,
559,
579,
562,
581,
574,
392,
544,
580,
571,
581,
396,
570,
584,
570,
559,
472,
2196,
2196,
580,
609,
20304,
612,
586,
596,
555,
635,
596,
565,
605,
575,
592,
2196,
2196,
598,
602,
571,
1518,
557,
1534,
1542,
595,
1554,
1558,
1558,
512,
586,
2196,
1232,
1124,
1215,
1255,
2196,
2196,
1250,
1234,
1152,
1159,
1259,
1121,
1252,
1122,
1243,
2196,
1197,
1139,
1238,
1244,
1188,
1125,
1129,
1138,
1134,
1128,
1149,
1232,
1230,
1133,
1234,
1147,
1235,
1148,
1193,
2196,
512,
1224,
1228,
2196,
1221,
1216,
1222,
1222,
1188,
1171,
1216,
1171,
1214,
1171,
1193,
1189,
1184,
1184,
1169,
1024,
1158,
1174,
1177,
1138,
1163,
1075,
993,
1177,
1233,
1155,
1078,
1050,
1105,
1127,
1100,
1040,
924,
1053,
1090,
1063,
1061,
1088,
1037,
875,
1021,
1048,
1035,
1065,
1034,
1026,
1085,
1042,
944,
969,
1004,
999,
894,
991,
803,
944,
858,
1048,
799,
1041,
787,
1011,
890,
954,
794,
1008,
924,
986,
999,
825,
989,
845,
1007,
888,
1023,
855,
1026,
865,
1040,
936,
1009,
1038,
1000,
1040,
1054,
1041,
959,
935,
880,
1008,
965,
1001,
1044,
970,
959,
962,
1014,
1030,
1026,
1063,
1028,
1068,
1002,
1012,
935,
972,
960,
1065,
1054,
995,
939,
1042,
1082,
965,
983,
1062,
994,
1017,
1089,
941,
1028,
962,
1031,
1039,
967,
1033,
963,
1033,
999,
982,
1030,
968,
1081,
936,
1052,
999,
968,
1076,
932,
1039,
948,
1044,
968,
1010,
1033,
954,
954,
1085,
951,
984,
1027,
1031,
922,
1046,
1058,
989,
936,
1048,
1039,
983,
936,
961,
1039,
1058,
1049,
950,
955,
927,
1007,
1018,
1084,
1004,
985,
933,
966,
979,
1062,
1075,
1025,
990,
929,
945,
934,
1011,
1012,
1059,
1029,
1068,
1037,
1073,
1040,
1067,
1048,
1059,
1058,
1032,
1052,
1017,
1030,
963,
755,
886,
934,
921,
1010,
1013,
1017,
939,
894,
994,
990,
953,
902,
1039,
985,
927,
936,
1025,
908,
966,
1010,
889,
1022,
885,
1045,
911,
1021,
904,
1023,
982,
898,
936,
966,
1009,
985,
994,
896,
951,
1012,
974,
913,
1033,
995,
961,
903,
917,
973,
997,
915,
986,
778,
979,
1031,
889,
913,
910,
913,
977,
955,
999,
957,
981,
950,
957,
961,
931,
990,
957,
986,
937,
931,
935,
897,
928,
895,
950,
973,
992,
1020,
943,
941,
915,
1015,
987,
907,
936,
977,
849,
887,
1001,
980,
930,
921,
947,
954,
886,
979,
964,
891,
854,
950,
926,
964,
976,
896,
954,
827,
902,
1003,
915,
938,
993,
874,
1021,
920,
942,
991,
908,
998,
884,
1038,
903,
996,
925,
986,
932,
966,
931,
977,
964,
922,
961,
936,
964,
971,
912,
942,
937,
911,
985,
907,
926,
963,
899,
1011,
889,
944,
813,
951,
964,
947,
931,
1022,
901,
993,
995,
949,
969,
1043,
1003,
947,
875,
935,
1025,
991,
1013,
1003,
970,
845,
919,
959,
995,
1056,
1035,
982,
957,
974,
1090,
983,
953,
989,
1041,
967,
1005,
1053,
924,
1090,
951,
1011,
997,
1028,
954,
1039,
953,
1017,
988,
914,
1069,
1049,
1032,
1064,
1157,
1077,
1019,
1165,
1051,
1227,
1086,
1173,
1192,
1114,
1100,
1216,
1233,
1193,
1136,
1108,
1104,
1160,
1148,
1201,
1166,
1207,
1125,
1129,
1048,
1068,
1123,
1198,
1118,
1086,
1168,
1132,
1105,
1148,
1084,
1145,
1112,
1075,
1165,
1083,
1081,
1114,
1174,
1120,
1134,
1093,
1135,
1109,
1157,
1125,
1087,
1053,
1094,
1149,
1098,
1124,
1133,
1112,
1115,
1122,
1133,
1114,
1142,
1156,
1161,
1152,
1197,
1161,
1164,
1142,
1156,
1167,
1149,
1170,
1118,
1153,
1127,
1158,
1139,
1141,
1160,
1115,
1144,
1106,
1155,
1135,
1154,
1151,
1107,
1043,
1024,
931,
997,
958,
1029,
1014,
1034,
1016,
1047,
1003,
1056,
965,
917,
985,
1009,
1030,
1023,
996,
993,
1048,
1022,
1046,
980,
1006,
951,
993,
957,
990,
996,
1022,
1025,
1028,
997,
961,
998,
1004,
1004,
943,
794,
979,
890,
917,
834,
955,
932,
992,
914,
932,
1024,
907,
1007,
917,
1011,
931,
1013,
966,
945,
1037,
987,
933,
987,
901,
933,
1036,
931,
830,
942,
818,
991,
783,
1013,
780,
1007,
785,
992,
783,
1014,
820,
993,
1005,
950,
1047,
1012,
961,
989,
1007,
1044,
1032,
1056,
1019,
1029,
961,
1022,
991,
1028,
990,
1018,
1014,
998,
1025,
976,
1021,
989,
1006,
1012,
1025,
994,
973,
975,
973,
991,
973,
927,
985,
962,
967,
977,
910,
806,
964,
1021,
1016,
902,
879,
1016,
953,
989,
1005,
960,
1024,
1017,
987,
1047,
948,
1050,
931,
1081,
946,
989,
1076,
924,
977,
1069,
972,
947,
927,
992,
1061,
1033,
1061,
1065,
1021,
1055,
1046,
1038,
1055,
1034,
1008,
1010,
887,
911,
948,
1009,
975,
952,
880,
860,
1027,
989,
896,
949,
1054,
970,
882,
1040,
974,
874,
962,
905,
934,
936,
850,
1006,
896,
1010,
844,
1046,
863,
1010,
885,
984,
866,
1018,
816,
1009,
805,
749,
785,
706,
841,
625,
809,
781,
556,
810,
735,
657,
683,
817,
750,
782,
724,
821,
738,
795,
762,
778,
700,
788,
723,
655,
765,
776,
533,
785,
724,
784,
603,
728,
687,
629,
717,
708,
598,
577,
610,
633,
500,
665,
650,
619,
588,
666,
696,
607,
441,
665,
652,
617,
629,
678,
591,
633,
495,
586,
624,
708,
599,
578,
678,
623,
450,
663,
592,
564,
584,
474,
581,
622,
473,
595,
422,
586,
588,
430,
568,
406,
607,
573,
411,
570,
408,
570,
593,
602,
580,
400,
558,
402,
550,
582,
581,
568,
516,
552,
461,
545,
365,
518,
367,
531,
551,
530,
589,
524,
535,
520,
517,
502,
521,
542,
573,
574,
593,
518,
541,
588,
488,
541,
417,
556,
427,
550,
545,
549,
545,
539,
560,
527,
584,
569,
600,
584,
587,
581,
546,
547,
512,
372,
573,
630,
553,
554,
567,
618,
552,
543,
625,
564,
394,
580,
603,
541,
657,
553,
615,
579,
560,
634,
536,
426,
527,
584,
534,
640,
575,
610,
608,
558,
588,
541,
633,
583,
579,
613,
601,
576,
635,
551,
596,
607,
576,
469,
659,
634,
595,
621,
626,
682,
675,
690,
695,
685,
709,
683,
677,
606,
637,
648,
731,
673,
655,
647,
712,
607,
714,
655,
662,
664,
681,
642,
694,
637,
658,
707,
655,
624,
653,
704,
707,
740,
718,
748,
733,
752,
722,
702,
651,
690,
741,
698,
667,
716,
683,
695,
690,
716,
678,
719,
693,
674,
750,
662,
681,
690,
595,
647,
721,
704,
580,
661,
666,
658,
667,
674,
680,
716,
696,
754,
685,
744,
691,
744,
694,
721,
682,
724,
694,
701,
696,
696,
719,
705,
731,
689,
720,
676,
693,
646,
698,
696,
697,
664,
685,
704,
664,
725,
647,
716,
654,
615,
660,
669,
684,
675,
697,
649,
699,
658,
667,
672,
672,
699,
666,
652,
659,
593,
640,
653,
664,
632,
666,
616,
657,
621,
637,
649,
619,
659,
616,
462,
605,
621,
635,
621,
659,
600,
532,
599,
647,
625,
614,
652,
596,
512,
578,
549,
604,
617,
630,
612,
638,
577,
553,
593,
638,
614,
595,
643,
598,
620,
596,
2196,
503,
586,
638,
608,
612,
662,
603,
655,
595,
531,
600,
624,
616,
618,
622,
633,
2196,
2196,
633,
617,
655,
584,
650,
606,
617,
609,
639,
635,
597,
642,
620,
638,
578,
612,
594,
506,
628,
648,
611,
597,
614,
601,
643,
615,
665,
611,
663,
622,
511,
614,
591,
612,
617,
600,
602,
626,
617,
679,
639,
650,
583,
641,
625,
527,
570,
440,
629,
622,
608,
590,
587,
615,
622,
646,
642,
613,
651,
629,
657,
583,
653,
609,
630,
616,
640,
601,
621,
643,
602,
670,
588,
668,
584,
643,
629,
635,
610,
623,
652,
619,
641,
585,
626,
609,
652,
2196,
2196,
2196,
2196,
591,
615,
600,
630,
617,
631,
662,
609,
643,
634,
693,
617,
533,
604,
565,
612,
645,
645,
668,
619,
629,
631,
647,
608,
646,
645,
619,
656,
586,
686,
572,
672,
565,
688,
572,
517,
600,
427,
609,
559,
620,
624,
607,
564,
631,
627,
614,
607,
646,
585,
618,
664,
622,
598,
607,
619,
612,
594,
593,
604,
649,
627,
619,
670,
573,
687,
569,
620,
599,
601,
572,
622,
576,
584,
572,
625,
603,
647,
605,
597,
593,
586,
651,
650,
699,
645,
417,
572,
497,
621,
683,
615,
612,
628,
691,
592,
644,
635,
590,
656,
608,
610,
640,
581,
643,
611,
626,
415,
630,
506,
622,
599,
634,
483,
617,
610,
601,
677,
575,
638,
624,
700,
592,
622,
572,
622,
577,
616,
576,
630,
587,
615,
573,
636,
609,
697,
612,
635,
568,
646,
628,
632,
558,
446,
612,
410,
564,
452,
532,
409,
545,
408,
599,
590,
554,
480,
577,
508,
552,
505,
564,
512,
543,
370,
573,
513,
545,
426,
574,
410,
541,
418,
602,
420,
614,
486,
553,
659,
575,
598,
451,
610,
453,
575,
404,
601,
622,
443,
601,
445,
577,
433,
572,
612,
415,
570,
404,
555,
456,
605,
499,
571,
581,
621,
589,
436,
571,
602,
617,
645,
640,
573,
443,
599,
643,
644,
629,
646,
611,
664,
611,
643,
604,
593,
596,
597,
545,
627,
676,
578,
609,
611,
637,
677,
587,
541,
595,
681,
648,
611,
623,
680,
651,
591,
625,
639,
638,
632,
682,
666,
601,
617,
627,
679,
643,
636,
604,
659,
675,
659,
667,
616,
646,
614,
633,
616,
607,
641,
595,
670,
626,
701,
664,
671,
655,
589,
574,
643,
697,
612,
605,
676,
640,
676,
599,
638,
647,
657,
682,
584,
619,
671,
680,
631,
599,
652,
663,
660,
609,
676,
665,
591,
679,
648,
643,
661,
655,
621,
665,
654,
606,
687,
626,
657,
670,
610,
685,
612,
697,
625,
644,
648,
666,
635,
669,
610,
693,
599,
677,
625,
636,
695,
617,
666,
642,
644,
660,
672,
639,
633,
704,
616,
606,
633,
600,
432,
623,
691,
647,
622,
616,
674,
691,
668,
559,
657,
633,
652,
647,
675,
614,
688,
637,
632,
680,
665,
661,
615,
689,
673,
618,
503,
677,
653,
652,
663,
649,
669,
700,
641,
682,
653,
687,
665,
673,
654,
677,
693,
657,
672,
685,
672,
697,
603,
668,
657,
666,
702,
654,
673,
498,
676,
692,
678,
653,
720,
669,
712,
662,
732,
667,
687,
538,
700,
677,
715,
638,
729,
644,
706,
687,
656,
734,
663,
572,
671,
709,
656,
663,
619,
680,
687,
657,
664,
721,
672,
713,
674,
646,
532,
653,
708,
687,
693,
718,
664,
704,
660,
657,
670,
639,
704,
691,
684,
697,
644,
695,
700,
698,
594,
660,
671,
695,
669,
682,
676,
720,
696,
629,
698,
685,
661,
687,
681,
703,
652,
679,
683,
653,
723,
663,
669,
560,
668,
702,
675,
666,
689,
683,
694,
685,
664,
685,
669,
693,
585,
653,
692,
677,
728,
698,
679,
678,
615,
677,
687,
694,
658,
713,
679,
668,
694,
652,
734,
666,
681,
701,
666,
733,
664,
685,
689,
676,
705,
683,
663,
707,
690,
679,
688,
667,
704,
686,
659,
731,
657,
707,
697,
665,
709,
666,
701,
689,
662,
719,
671,
673,
724,
668,
668,
714,
665,
712,
676,
664,
720,
657,
664,
716,
664,
708,
671,
658,
724,
677,
691,
695,
655,
699,
675,
672,
698,
696,
669,
714,
661,
697,
690,
661,
694,
686,
655,
643,
668,
692,
691,
679,
694,
701,
656,
702,
689,
664,
546,
681,
687,
534,
667,
631,
685,
703,
677,
714,
700,
552,
729,
695,
558,
713,
707,
636,
689,
722,
629,
688,
574,
625,
681,
569,
704,
715,
540,
696,
703,
628,
670,
635,
677,
680,
536,
680,
716,
671,
665,
726,
698,
690,
520,
677,
691,
698,
697,
656,
675,
683,
704,
686,
665,
667,
668,
707,
639,
623,
663,
668,
656,
681,
700,
672,
705,
630,
667,
640,
703,
691,
624,
679,
607,
523,
652,
627,
610,
639,
612,
642,
658,
709,
609,
681,
646,
614,
662,
684,
680,
674,
638,
615,
670,
630,
651,
627,
647,
698,
639,
679,
622,
631,
631,
429,
609,
635,
605,
631,
640,
610,
644,
595,
417,
597,
626,
611,
599,
635,
584,
420,
564,
594,
609,
532,
378,
521,
536,
558,
536,
377,
523,
566,
553,
564,
548,
520,
549,
372,
564,
539,
555,
491,
600,
597,
480,
622,
538,
559,
511,
484,
522,
403,
514,
536,
502,
489,
553,
599,
522,
561,
520,
592,
531,
578,
585,
519,
539,
562,
591,
537,
511,
592,
635,
584,
619,
599,
556,
604,
627,
581,
576,
537,
536,
615,
413,
480,
502,
612,
636,
617,
607,
536,
545,
440,
546,
601,
548,
544,
509,
424,
524,
618,
495,
587,
528,
507,
520,
381,
567,
550,
387,
486,
555,
591,
512,
361,
553,
543,
482,
528,
509,
550,
541,
576,
537,
503,
530,
537,
576,
517,
355,
532,
558,
568,
547,
561,
534,
550,
530,
573,
521,
570,
530,
524,
543,
552,
579,
522,
554,
502,
552,
501,
557,
540,
588,
559,
553,
532,
578,
535,
544,
579,
532,
573,
549,
559,
573,
571,
532,
602,
557,
554,
528,
613,
558,
588,
509,
561,
512,
585,
547,
607,
576,
622,
572,
607,
568,
591,
570,
597,
574,
600,
588,
631,
581,
595,
546,
575,
523,
567,
524,
604,
557,
631,
576,
645,
589,
643,
578,
616,
545,
568,
521,
569,
562,
611,
605,
629,
576,
572,
535,
606,
595,
631,
551,
571,
590,
620,
561,
559,
588,
624,
554,
571,
629,
561,
608,
591,
597,
590,
570,
604,
499,
580,
597,
572,
643,
528,
474,
544,
545,
604,
611,
554,
645,
592,
577,
572,
624,
637,
636,
645,
617,
510,
597,
566,
548,
578,
597,
646,
577,
572,
619,
630,
570,
592,
394,
561,
585,
552,
636,
621,
565,
633,
574,
607,
595,
477,
604,
653,
570,
558,
582,
620,
474,
609,
440,
587,
609,
592,
580,
594,
558,
653,
588,
588,
556,
577,
636,
578,
562,
539,
611,
620,
568,
402,
556,
649,
588,
570,
596,
606,
455,
539,
651,
583,
553,
604,
577,
548,
553,
633,
575,
559,
569,
572,
464,
571,
625,
552,
581,
490,
528,
624,
562,
596,
628,
646,
615,
708,
782,
746,
788,
737,
711,
703,
716,
787,
676,
791,
714,
823,
725,
733,
792,
784,
804,
757,
785,
720,
751,
671,
704,
720,
792,
767,
708,
704,
767,
717,
689,
778,
671,
770,
676,
779,
667,
779,
682,
657,
735,
717,
666,
763,
739,
614,
668,
698,
658,
713,
660,
686,
668,
738,
743,
699,
668,
745,
675,
715,
709,
698,
667,
683,
678,
693,
691,
675,
730,
687,
723,
680,
694,
676,
681,
683,
665,
692,
655,
672,
672,
650,
694,
625,
649,
610,
652,
602,
614,
588,
596,
603,
585,
530,
528,
578,
510,
517,
560,
458,
525,
453,
467,
461,
456,
490,
538,
430,
464,
515,
513,
502,
352,
420,
311,
297,
435,
410,
370,
294,
252,
205,
250,
157,
240,
353,
431,
477,
552,
575,
596,
598,
535,
453,
435,
502,
575,
545,
396,
507,
665,
483,
506,
593,
419,
639,
429,
477,
427,
645,
411,
550,
552,
448,
485,
581,
410,
468,
598,
592,
522,
580,
632,
520,
357,
118,
117,
199,
110,
148,
116,
207,
220,
218,
206,
244,
178,
218,
154,
213,
252,
255,
222,
157,
150,
163,
96,
156,
110,
170,
96,
29,
119,
230,
56,
113,
32,
70,
130,
66,
180,
211,
307,
174,
214,
186,
178,
66,
87,
353,
450,
344,
208,
358,
252,
244,
374,
241,
388,
215,
335,
245,
428,
167,
432,
422,
200,
563,
526,
246,
639,
523,
236,
575,
579,
312,
275,
694,
878,
616,
345,
843,
480,
542,
810,
318,
758,
466,
644,
385,
515,
199,
40,
135,
227,
435,
472,
152,
90,
40,
29,
27,
40,
88,
502,
494,
613,
572,
326,
78,
214,
730,
470,
292,
242,
283,
278,
232,
448,
75,
18,
27,
28,
20,
30,
23,
43,
321,
215,
455,
603,
69,
34,
27,
25,
37,
38,
22,
30,
35,
36,
33,
37,
41,
59,
484,
203,
296,
288,
562,
341,
111,
31,
36,
37,
35,
38,
36,
43,
32,
34,
37,
26,
35,
41,
32,
37,
33,
34,
24,
36,
43,
38,
30,
38,
37,
40,
34,
31,
30,
31,
32,
39,
39,
35,
40,
39,
28,
31,
23,
41,
31,
31,
39,
33,
37,
39,
33,
28,
31,
32,
26,
29,
42,
30,
29,
40,
33,
32,
30,
31,
27,
34,
35,
29,
36,
38,
33,
37,
29,
38,
38,
34,
39,
37,
30,
37,
34,
35,
29,
34,
35,
35,
40,
44,
32,
28,
37,
35,
32,
27,
38,
30,
32,
31,
37,
38,
34,
32,
30,
36,
47,
34,
30,
31,
36,
38,
32,
37,
29,
34,
29,
31,
28,
31,
36,
29,
34,
29,
30,
34,
27,
37,
34,
30,
33,
31,
32,
35,
33,
26,
29,
30,
33,
32,
32,
35,
35,
32,
26,
47,
39,
39,
30,
40,
33,
32,
35,
30,
33,
35,
35,
41,
29,
40,
33,
35,
32,
32,
28,
29,
30,
37,
37,
36,
31,
33,
32,
44,
34,
35,
31,
34,
37,
32,
42,
27,
39,
39,
31,
30,
38,
41,
28,
41,
31,
28,
41,
30,
34,
33,
34
